,affiliate,date,employer,localization,title,topic,url
0,État,26 Juin. 19,Centre national d'art et de culture Georges Pompidou,Paris (75),Chargé.e de communication (CDD)  H/F,Communication et valorisation des organisations,https://www.place-emploi-public.gouv.fr/offre-emploi/chargee-de-communication-cdd--hf-reference-2019-203566
1,État,26 Juin. 19,Centre national d'enseignement à  distance,Isère (38),Gestionnaire de la propriété intellectuelle,Éducation • Formation tout au long de la vie,https://www.place-emploi-public.gouv.fr/offre-emploi/gestionnaire-de-la-propriete-intellectuelle-reference-2019-217321
2,Fonction publique,26 Juin. 19,SRHC/Apprentissage,Corrèze (19 ),Technicien sécurité et sûreté des denrées alimentaires - Contrôle interne H/F,-,https://www.place-emploi-public.gouv.fr/offre-emploi/technicien-securite-et-surete-des-denrees-alimentaires---controle-interne-hf-reference-2019-216070
3,Fonction publique,26 Juin. 19,SRHC/Apprentissage,Aude (11),CUISINIER H/F,-,https://www.place-emploi-public.gouv.fr/offre-emploi/cuisinier-hf-reference-2019-216072
4,État,26 Juin. 19,Université Paris 13,Seine Saint-Denis (93),Chargé-e de la GPEEC,Ressources humaines,https://www.place-emploi-public.gouv.fr/offre-emploi/charge-e-de-la-gpeec-reference-2019-217268
5,État,26 Juin. 19,Direction Interrégionale des services pénitentiaires Centre Est Dijon,Cote d'Or (21),Analyste veilleur,Justice,https://www.place-emploi-public.gouv.fr/offre-emploi/analyste-veilleur-reference-2019-217319
6,État,26 Juin. 19,Université de Caen Basse-Normandie,Calvados (14),ENSEIGNANT D'ESPAGNOL,Éducation • Formation tout au long de la vie,https://www.place-emploi-public.gouv.fr/offre-emploi/enseignant-d-espagnol-reference-2019-217318
7,État,26 Juin. 19,Rectorat de l'académie de Toulouse,Haute Garonne (31),Assistant(e) du pôle administratif et comptable ,Gestion budgétaire et financière,https://www.place-emploi-public.gouv.fr/offre-emploi/assistante-du-pole-administratif-et-comptable--reference-2019-217316
8,État,26 Juin. 19,INSERM-Délégation Régionale Paris 6,Paris (75),"Assistant-e ingénieur-e en biologie, sciences de la vie et de la terre",Laboratoires,https://www.place-emploi-public.gouv.fr/offre-emploi/assistant-e-ingenieur-e-en-biologie-sciences-de-la-vie-et-de-la-terre-reference-2019-217317
9,État,26 Juin. 19,Université Reims-Champagne-Ardenne,Marne (51),Assistant du Doyen de Médecine (H/F),Administration générale,https://www.place-emploi-public.gouv.fr/offre-emploi/assistant-du-doyen-de-medecine-hf-reference-2019-215346
10,État,26 Juin. 19,Centre national de gestion,Paris (75),Responsable du système d'information,Numérique • Systèmes d’information et de communication,https://www.place-emploi-public.gouv.fr/offre-emploi/responsable-du-systeme-d-information-reference-2019-199394
11,État,26 Juin. 19,Réseau des acheteurs hospitaliers,Paris (75),ACHETEUR(SE) MARCHES PUBLICS SENIOR (H/F),Achat,https://www.place-emploi-public.gouv.fr/offre-emploi/acheteurse-marches-publics-senior-hf-reference-2019-182418
12,État,26 Juin. 19,Rectorat de Paris,Paris (75),gestionnaire en appui des opérations d'affectations et accueil du public,Éducation • Formation tout au long de la vie,https://www.place-emploi-public.gouv.fr/offre-emploi/gestionnaire-en-appui-des-operations-d-affectations-et-accueil-du-public-reference-2019-182348
13,État,26 Juin. 19,Ecole normale supérieure,Paris (75),Chargé d'études et d'évaluation H/F,Enseignement supérieur • Recherche • Développement,https://www.place-emploi-public.gouv.fr/offre-emploi/charge-d-etudes-et-d-evaluation-hf-reference-2019-174181
14,État,26 Juin. 19,Centre national de gestion,Paris (75),Gestionnaire ressources humaines au Département de gestion des praticiens hospitaliers - CDD de 5 mois -,Ressources humaines,https://www.place-emploi-public.gouv.fr/offre-emploi/gestionnaire-ressources-humaines-au-departement-de-gestion-des-praticiens-hospitaliers---cdd-de-5-mois---reference-2019-173977
15,État,26 Juin. 19,Sciences Po Lille / IEP Lille,Nord (59),Gestionnaire des ressources humaines F/H (personnels enseignants et enseignants-chercheurs),Ressources humaines,https://www.place-emploi-public.gouv.fr/offre-emploi/gestionnaire-des-ressources-humaines-fh-personnels-enseignants-et-enseignants-chercheurs-reference-2019-173894
16,État,26 Juin. 19,Ecole normale supérieure,Paris (75),Secrétaire pédagogique du master géosciences - PSL  (H/F),Enseignement supérieur • Recherche • Développement,https://www.place-emploi-public.gouv.fr/offre-emploi/secretaire-pedagogique-du-master-geosciences---psl--hf-reference-2019-158617
17,État,26 Juin. 19,Ecole normale supérieure,Paris (75), Gestionnaire administratif et financier (H/F),Administration générale,https://www.place-emploi-public.gouv.fr/offre-emploi/-gestionnaire-administratif-et-financier-hf-reference-2019-216092
18,État,26 Juin. 19,Sciences Po Lille / IEP Lille,Nord (59),"Chargée, chargé de développement de la formation continue",Enseignement supérieur • Recherche • Développement,https://www.place-emploi-public.gouv.fr/offre-emploi/chargee-charge-de-developpement-de-la-formation-continue-reference-2019-201635
19,État,26 Juin. 19,Centre national de gestion,Paris (75),Responsable du système d'information,Numérique • Systèmes d’information et de communication,https://www.place-emploi-public.gouv.fr/offre-emploi/responsable-du-systeme-d-information-reference-2019-201607
20,État,26 Juin. 19,Direction des systèmes d'information,Paris (75),Directeur de projet SI stratégique des Déclarations Sociales Nominatives et futur hébergement cloud,Numérique • Systèmes d’information et de communication,https://www.place-emploi-public.gouv.fr/offre-emploi/directeur-de-projet-si-strategique-des-declarations-sociales-nominatives-et-futur-hebergement-cloud-reference-2019-201546
21,État,26 Juin. 19,Délégation à  l'information et à  la communication,Paris (75),GESTIONNAIRE BUDGETAIRE – CHARGE DE L'EXECUTION DE LA DEPENSE PUBLIQUE,Finances publiques,https://www.place-emploi-public.gouv.fr/offre-emploi/gestionnaire-budgetaire--charge-de-l-execution-de-la-depense-publique-reference-2019-201468
22,État,26 Juin. 19,Direction des Ressources Humaines,Paris (75),Gestionnaire d'effectifs,Ressources humaines,https://www.place-emploi-public.gouv.fr/offre-emploi/gestionnaire-d-effectifs-reference-2019-201466
23,État,26 Juin. 19,Délégation à  l'information et à  la communication,Paris (75),Assistant.e de direction,Administration générale,https://www.place-emploi-public.gouv.fr/offre-emploi/assistante-de-direction-reference-2019-201453
24,État,26 Juin. 19,Direction générale à l'emploi et à la formation professionnelle,Paris (75),Chargé ou chargée de mission référent géographique et thématique insertion et accès à l'emploi,Élaboration et pilotage des politiques publiques,https://www.place-emploi-public.gouv.fr/offre-emploi/charge-ou-chargee-de-mission-referent-geographique-et-thematique-insertion-et-acces-a-l-emploi-reference-2019-201431
25,État,26 Juin. 19,Réseau des acheteurs hospitaliers,Paris (75),CHEF DE PROJET LOGISTIQUE ET PHARMACIE HOSPITALIÈRE (H/F),Soutien au développement,https://www.place-emploi-public.gouv.fr/offre-emploi/chef-de-projet-logistique-et-pharmacie-hospitalire-hf-reference-2019-184827
26,État,26 Juin. 19,Rectorat de Paris,Paris (75),Ingénieur en ingénierie logicielle ,Numérique • Systèmes d’information et de communication,https://www.place-emploi-public.gouv.fr/offre-emploi/ingenieur-en-ingenierie-logicielle--reference-2019-183767
27,Hospitalière,26 Juin. 19,Réseau des acheteurs hospitaliers,Paris (75),INGENIEUR BIOMEDICAL/ACHETEUR PUBLIC (H/F),Achat,https://www.place-emploi-public.gouv.fr/offre-emploi/ingenieur-biomedicalacheteur-public-hf-reference-2018-144163
28,État,26 Juin. 19,La Grande Chancellerie de la Légion d'honneur,Paris (75),technicien de maintenance informatique - option infrastructure,Numérique • Systèmes d’information et de communication,https://www.place-emploi-public.gouv.fr/offre-emploi/technicien-de-maintenance-informatique---option-infrastructure-reference-2018-143647
29,État,26 Juin. 19,Ecole centrale de Lyon,Rhône (69),Développeur PHP,Numérique • Systèmes d’information et de communication,https://www.place-emploi-public.gouv.fr/offre-emploi/developpeur-php-reference-2018-143239
30,État,26 Juin. 19,Université Haute Alsace - Mulhouse,Haut Rhin (68),GESTIONNAIRE D'APPLICATIONS/INTEGRATEUR.RICE D'APPLICATIONS H/F,Numérique • Systèmes d’information et de communication,https://www.place-emploi-public.gouv.fr/offre-emploi/gestionnaire-d-applicationsintegrateurrice-d-applications-hf-reference-2018-142486
31,État,26 Juin. 19,SIEC - Maison des Examens,Val de Marne (94),Chef de bureau des infrastructures techniques,Numérique • Systèmes d’information et de communication,https://www.place-emploi-public.gouv.fr/offre-emploi/chef-de-bureau-des-infrastructures-techniques-reference-2019-202358
32,État,26 Juin. 19,SIEC - Maison des Examens,Val de Marne (94),Adjoint au chef de service de la communication et des relations extérieures,Communication et valorisation des organisations,https://www.place-emploi-public.gouv.fr/offre-emploi/adjoint-au-chef-de-service-de-la-communication-et-des-relations-exterieures-reference-2019-202305
33,État,26 Juin. 19,SIEC - Maison des Examens,Val de Marne (94),Chef de la division de l'enseignement général et technologique,Administration générale,https://www.place-emploi-public.gouv.fr/offre-emploi/chef-de-la-division-de-l-enseignement-general-et-technologique-reference-2019-186700
34,État,26 Juin. 19,Rectorat de Paris,Paris (75),Appui à la gestion des contrats aidés et des assistants d'éducation,Ressources humaines,https://www.place-emploi-public.gouv.fr/offre-emploi/appui-a-la-gestion-des-contrats-aides-et-des-assistants-d-education-reference-2019-186125
35,État,26 Juin. 19,Rectorat de Paris,Paris (75),Appui à la gestion des contrats aidés et des assistants d'éducation,Ressources humaines,https://www.place-emploi-public.gouv.fr/offre-emploi/appui-a-la-gestion-des-contrats-aides-et-des-assistants-d-education-reference-2019-186099
36,État,26 Juin. 19,Agence de mutualisation des universités et établissements,Paris (75),"Responsable du service Finances, RH, Contrôle de gestion H/F",Élaboration et pilotage des politiques publiques,https://www.place-emploi-public.gouv.fr/offre-emploi/responsable-du-service-finances-rh-controle-de-gestion-hf-reference-2019-185993
37,État,26 Juin. 19,Centre national de gestion,Paris (75),Gestionnaire de concours médicaux,Ressources humaines,https://www.place-emploi-public.gouv.fr/offre-emploi/gestionnaire-de-concours-medicaux-reference-2018-146194
38,État,26 Juin. 19,Rectorat d'Aix Marseille,Vaucluse (84),DIRECTEUR EREA - VEDENE,Éducation • Formation tout au long de la vie,https://www.place-emploi-public.gouv.fr/offre-emploi/directeur-erea---vedene-reference-2018-145708
39,État,26 Juin. 19,Rectorat d'Aix Marseille,Alpes Hte Provence (04),DIRECTEUR EREA - CASTEL - BEVONS,Éducation • Formation tout au long de la vie,https://www.place-emploi-public.gouv.fr/offre-emploi/directeur-erea---castel---bevons-reference-2018-145650
40,État,26 Juin. 19,Rectorat d'Aix Marseille,Vaucluse (84),REP + - PRINCIPAL - COLLEGE GERARD PHILIPPE - AVIGNON,Éducation • Formation tout au long de la vie,https://www.place-emploi-public.gouv.fr/offre-emploi/rep----principal---college-gerard-philippe---avignon-reference-2018-145648
41,État,26 Juin. 19,Musée de l'Armée,Paris (75),RESTAURATEUR.TRICE TEXTILES,Culture et patrimoine,https://www.place-emploi-public.gouv.fr/offre-emploi/restaurateurtrice-textiles-reference-2018-145440
42,État,26 Juin. 19,Musée de l'Armée,Paris (75),TECHNICIEN SYSTEMES ET RESEAUX,Numérique • Systèmes d’information et de communication,https://www.place-emploi-public.gouv.fr/offre-emploi/technicien-systemes-et-reseaux-reference-2018-145043
43,État,26 Juin. 19,Réseau des acheteurs hospitaliers,Val d'Oise (95),ASSISTANT(E) ADMINISTRATIF(VE) HOSPITALIER(E) (H/F),Administration générale,https://www.place-emploi-public.gouv.fr/offre-emploi/assistante-administratifve-hospitaliere-hf-reference-2019-205693
44,État,26 Juin. 19,Sciences Po Lille / IEP Lille,Nord (59),Assistant-e de communication (CDD 7 mois),Enseignement supérieur • Recherche • Développement,https://www.place-emploi-public.gouv.fr/offre-emploi/assistant-e-de-communication-cdd-7-mois-reference-2019-205592
45,État,26 Juin. 19,INSERM DR Nouvelle-Aquitaine,Gironde (33),Chef de projet (H/F),Laboratoires,https://www.place-emploi-public.gouv.fr/offre-emploi/chef-de-projet-hf-reference-2019-204271
46,État,26 Juin. 19,Centre universitaire de formation et de recherche de Mayotte,Mayotte (976),responsable du pôle patrimoine et logistique,Enseignement supérieur • Recherche • Développement,https://www.place-emploi-public.gouv.fr/offre-emploi/responsable-du-pole-patrimoine-et-logistique-reference-2019-204237
47,État,26 Juin. 19,Réseau des acheteurs hospitaliers,Paris (75),GESTIONNAIRE ADMINISTRATIF ET FINANCIER (H/F) ,Gestion budgétaire et financière,https://www.place-emploi-public.gouv.fr/offre-emploi/gestionnaire-administratif-et-financier-hf--reference-2019-188777
48,État,26 Juin. 19,Agence de mutualisation des universités et établissements,Paris (75),"Responsable du service Finances, RH, Contrôle de gestion H/F",Élaboration et pilotage des politiques publiques,https://www.place-emploi-public.gouv.fr/offre-emploi/responsable-du-service-finances-rh-controle-de-gestion-hf-reference-2019-187677
49,Hospitalière,26 Juin. 19,Etablissement public de santé Maison Blanche,Paris (75),GESTIONNAIRE RESSOURCES HUMAINES,Ressources humaines,https://www.place-emploi-public.gouv.fr/offre-emploi/gestionnaire-ressources-humaines-reference-2018-147134
50,Hospitalière,26 Juin. 19,Etablissement public de santé Maison Blanche,Paris (75), SECRÉTAIRE DE DIRECTION ,Ressources humaines,https://www.place-emploi-public.gouv.fr/offre-emploi/-secrtaire-de-direction--reference-2018-147131
51,État,26 Juin. 19,SIEC - Maison des Examens,Val de Marne (94),CHEF DU BUREAU SECURITE ET SURETE,Sécurité,https://www.place-emploi-public.gouv.fr/offre-emploi/chef-du-bureau-securite-et-surete-reference-2019-207823
52,État,26 Juin. 19,Ecole normale supérieure,Paris (75),Gestionnaire des ressources humaines (Pôle des enseignants et chercheurs),Ressources humaines,https://www.place-emploi-public.gouv.fr/offre-emploi/gestionnaire-des-ressources-humaines-pole-des-enseignants-et-chercheurs-reference-2019-207163
53,État,26 Juin. 19,Agence de mutualisation des universités et établissements,Paris (75),Responsable des affaires financières H/F,Gestion budgétaire et financière,https://www.place-emploi-public.gouv.fr/offre-emploi/responsable-des-affaires-financieres-hf-reference-2019-207098
54,État,26 Juin. 19,Rectorat de Paris,Paris (75),Infirmier-ère du service de médecine de prévention ,Affaires sociales et santé,https://www.place-emploi-public.gouv.fr/offre-emploi/infirmier-ere-du-service-de-medecine-de-prevention--reference-2019-206263
55,État,26 Juin. 19,Ecole normale supérieure,Paris (75),Gestionnaire administratif à la Direction des Relations internationales,Enseignement supérieur • Recherche • Développement,https://www.place-emploi-public.gouv.fr/offre-emploi/gestionnaire-administratif-a-la-direction-des-relations-internationales-reference-2019-190945
56,État,26 Juin. 19,Réseau des acheteurs hospitaliers,Paris (75),CHARGE(E) DE MISSION SI SANTE JUNIOR (H/F),Numérique • Systèmes d’information et de communication,https://www.place-emploi-public.gouv.fr/offre-emploi/chargee-de-mission-si-sante-junior-hf-reference-2019-189739
57,État,26 Juin. 19,Réseau des acheteurs hospitaliers,Paris (75),ASSISTANT(E) ADMINISTRATIF(VE) (H/F) ,Administration générale,https://www.place-emploi-public.gouv.fr/offre-emploi/assistante-administratifve-hf--reference-2019-189722
58,État,26 Juin. 19,Rectorat d'Aix Marseille,Bouches du Rhône (13),Expert technique - CRT HEBERGEMENT - RECTORAT - AIX EN PROVENCE,Éducation • Formation tout au long de la vie,https://www.place-emploi-public.gouv.fr/offre-emploi/expert-technique---crt-hebergement---rectorat---aix-en-provence-reference-2018-148853
59,État,26 Juin. 19,SIEC - Maison des Examens,Val de Marne (94),Équipier de sûreté et de prévention (H/F),Sécurité,https://www.place-emploi-public.gouv.fr/offre-emploi/quipier-de-surete-et-de-prevention-hf-reference-2019-208977
60,État,26 Juin. 19,Office national de la chasse et de la faune sauvage,Paris (75),Technicien(ne) informatique - Paris (F/H),Numérique • Systèmes d’information et de communication,https://www.place-emploi-public.gouv.fr/offre-emploi/technicienne-informatique---paris-fh-reference-2019-207976
61,État,26 Juin. 19,CNRS délégation Midi-Pyrénées,Haute Garonne (31),"Chef de projet dématérialisation, GED et archivage H/F",Numérique • Systèmes d’information et de communication,https://www.place-emploi-public.gouv.fr/offre-emploi/chef-de-projet-dematerialisation-ged-et-archivage-hf-reference-2019-193027
62,État,26 Juin. 19,CNRS délégation Midi-Pyrénées,Haute Garonne (31),Ingénieur en ingéniérie logicielle - Finances - Marchés H/F,Numérique • Systèmes d’information et de communication,https://www.place-emploi-public.gouv.fr/offre-emploi/ingenieur-en-ingenierie-logicielle---finances---marches-hf-reference-2019-193014
63,État,26 Juin. 19,CNRS délégation Midi-Pyrénées,Haute Garonne (31),Administrateur technique du Système d'Information H/F,Numérique • Systèmes d’information et de communication,https://www.place-emploi-public.gouv.fr/offre-emploi/administrateur-technique-du-systeme-d-information-hf-reference-2019-192997
64,État,26 Juin. 19,CNRS délégation Midi-Pyrénées,Haute Garonne (31),Ingénieur informatique-expert en infrastructures (H/F),Numérique • Systèmes d’information et de communication,https://www.place-emploi-public.gouv.fr/offre-emploi/ingenieur-informatique-expert-en-infrastructures-hf-reference-2019-192987
65,État,26 Juin. 19,INSERM DR Nouvelle-Aquitaine,Gironde (33),Ingénieur-e en sciences chimiques/biophysique,Laboratoires,https://www.place-emploi-public.gouv.fr/offre-emploi/ingenieur-e-en-sciences-chimiquesbiophysique-reference-2019-192978
66,État,26 Juin. 19,CNRS délégation Midi-Pyrénées,Haute Garonne (31),Chef de projet informatique - infrastructures et services H/F ,Numérique • Systèmes d’information et de communication,https://www.place-emploi-public.gouv.fr/offre-emploi/chef-de-projet-informatique---infrastructures-et-services-hf--reference-2019-192970
67,État,26 Juin. 19,CNRS délégation Midi-Pyrénées,Haute Garonne (31),Urbaniste du système d'information H/F,Numérique • Systèmes d’information et de communication,https://www.place-emploi-public.gouv.fr/offre-emploi/urbaniste-du-systeme-d-information-hf-reference-2019-192959
68,État,26 Juin. 19,Inserm Délégation Régionale Paris 5,Paris (75),Gestionnaire financier des contrats de recherche externes,Gestion budgétaire et financière,https://www.place-emploi-public.gouv.fr/offre-emploi/gestionnaire-financier-des-contrats-de-recherche-externes-reference-2019-192511
69,État,26 Juin. 19,Institut national d'histoire de l'art,Paris (75),Chef de service des affaires budgétaires,Gestion budgétaire et financière,https://www.place-emploi-public.gouv.fr/offre-emploi/chef-de-service-des-affaires-budgetaires-reference-2019-168808
70,Territoriale,26 Juin. 19,Conseil départemental des Yvelines,Yvelines (78),CHARGE D'OPERATIONS ROUTIERES,Territoire et développement durable,https://www.place-emploi-public.gouv.fr/offre-emploi/charge-d-operations-routieres-reference-2018-151138
71,Territoriale,26 Juin. 19,Conseil départemental des Yvelines,Yvelines (78),CHARGE D'OPERATIONS ROUTIERES,Territoire et développement durable,https://www.place-emploi-public.gouv.fr/offre-emploi/charge-d-operations-routieres-reference-2018-151133
72,État,26 Juin. 19,La Grande Chancellerie de la Légion d'honneur,Paris (75),Technicien d'exploitation des systèmes d'information et de communication,Numérique • Systèmes d’information et de communication,https://www.place-emploi-public.gouv.fr/offre-emploi/technicien-d-exploitation-des-systemes-d-information-et-de-communication-reference-2019-210922
73,État,26 Juin. 19,Réseau des acheteurs hospitaliers,Paris (75),RESPONSABLE DES FINANCES (H/F),Finances publiques,https://www.place-emploi-public.gouv.fr/offre-emploi/responsable-des-finances-hf-reference-2019-210261
74,État,26 Juin. 19,Réseau des acheteurs hospitaliers,Paris (75),ASSISTANT(E) RELATIONS ETABLISSEMENTS (H/F),Achat,https://www.place-emploi-public.gouv.fr/offre-emploi/assistante-relations-etablissements-hf-reference-2019-194186
75,État,26 Juin. 19,Musée de l'Armée,Paris (75),AGENT d'ACHAT,Achat,https://www.place-emploi-public.gouv.fr/offre-emploi/agent-d-achat-reference-2019-169691
76,État,26 Juin. 19,Musée de l'Armée,Paris (75),Électricien - Éclairagiste,Immobilier • Bâtiment • Infrastructures,https://www.place-emploi-public.gouv.fr/offre-emploi/lectricien---clairagiste-reference-2019-154017
77,État,26 Juin. 19,Ecole des hautes études en sciences sociales,Bouches du Rhône (13),Agent en charge des captations vidéos/photos (H/F) ,Culture et patrimoine,https://www.place-emploi-public.gouv.fr/offre-emploi/agent-en-charge-des-captations-videosphotos-hf--reference-2019-212081
78,État,26 Juin. 19,DRJSCS Nord-pas-de-Calais-Picardie,Somme (80),Chargé (e) de mission qualité et continuité éducative,Affaires sociales et santé,https://www.place-emploi-public.gouv.fr/offre-emploi/charge-e-de-mission-qualite-et-continuite-educative-reference-2019-214507
79,État,26 Juin. 19,SIEC - Maison des Examens,Val de Marne (94),Chef de bureau sujets de l'enseignement général et technologique,Administration générale,https://www.place-emploi-public.gouv.fr/offre-emploi/chef-de-bureau-sujets-de-l-enseignement-general-et-technologique-reference-2019-196069
80,État,26 Juin. 19,DRJSCS Nord-pas-de-Calais-Picardie,Somme (80),Responsable budgétaire et financière,Gestion budgétaire et financière,https://www.place-emploi-public.gouv.fr/offre-emploi/responsable-budgetaire-et-financiere-reference-2019-214497
81,État,26 Juin. 19,Sorbonne université– Services universitaires,Paris (75),Gestionnaires RH Pension F/H (réf.3042/3066),Ressources humaines,https://www.place-emploi-public.gouv.fr/offre-emploi/gestionnaires-rh-pension-fh-ref30423066-reference-2018-131366
82,État,26 Juin. 19,Réseau des acheteurs hospitaliers,Paris (75),ASSISTANT(E) ACHAT MARCHES PUBLICS (H/F),Achat,https://www.place-emploi-public.gouv.fr/offre-emploi/assistante-achat-marches-publics-hf-reference-2017-97753
83,État,26 Juin. 19,Réseau des acheteurs hospitaliers,Paris (75),JURISTE EXPERIMENTE(E) EN DROIT DES MARCHES PUBLICS (H/F) ,Affaires juridiques,https://www.place-emploi-public.gouv.fr/offre-emploi/juriste-experimentee-en-droit-des-marches-publics-hf--reference-2017-99504
84,État,26 Juin. 19,Institut National des Sciences Appliquées de Strasbourg,Bas Rhin (67),Ingénieur d'études en fabrication mécanique,Enseignement supérieur • Recherche • Développement,https://www.place-emploi-public.gouv.fr/offre-emploi/ingenieur-d-etudes-en-fabrication-mecanique-reference-2019-217305
85,État,26 Juin. 19,Institut National des Sciences Appliquées de Strasbourg,Bas Rhin (67),Secrétaire de département,Enseignement supérieur • Recherche • Développement,https://www.place-emploi-public.gouv.fr/offre-emploi/secretaire-de-departement-reference-2019-217313
86,État,26 Juin. 19,DRJSCS Nord-pas-de-Calais-Picardie,Oise (60),"Gestionnaire administratif - secteur jeunesse, sports et éducation populaire",Administration générale,https://www.place-emploi-public.gouv.fr/offre-emploi/gestionnaire-administratif---secteur-jeunesse-sports-et-education-populaire-reference-2019-214541
87,État,26 Juin. 19,Agence régionale de santé Ile-de-France,Paris (75),Responsable du département « Pilotage médico-économique » H/F,Gestion budgétaire et financière,https://www.place-emploi-public.gouv.fr/offre-emploi/responsable-du-departement--pilotage-medico-economique--hf-reference-ARSIF_2019-237
88,État,26 Juin. 19,Agence régionale de santé Ile-de-France,Paris (75),Chargé  suivi et contrôle budgétaire H/F,-,https://www.place-emploi-public.gouv.fr/offre-emploi/charge--suivi-et-controle-budgetaire-hf-reference-ARSIF_2019-236
89,État,26 Juin. 19,Agence régionale de santé Ile-de-France,Paris (75),Gestionnaire administratif H/F,Relation et service à l'usager,https://www.place-emploi-public.gouv.fr/offre-emploi/gestionnaire-administratif-hf-reference-ARSIF_2019-235
90,État,26 Juin. 19,Agence régionale de santé Ile-de-France,Paris (75),Psychologue : Chargé d'orientation vers les injonctions thérapeutiques H/F,Affaires sociales et santé,https://www.place-emploi-public.gouv.fr/offre-emploi/psychologue--charge-d-orientation-vers-les-injonctions-therapeutiques-hf-reference-ARSIF_2019-234
91,État,26 Juin. 19,Agence régionale de santé Ile-de-France,Paris (75),Attaché de Direction H/F,Relation et service à l'usager,https://www.place-emploi-public.gouv.fr/offre-emploi/attache-de-direction-hf-reference-ARSIF_2019-231
92,État,26 Juin. 19,Agence régionale de santé Ile-de-France,Paris (75),Chargé(e) de mission Soins Non Programmés H/F,Affaires sociales et santé,https://www.place-emploi-public.gouv.fr/offre-emploi/chargee-de-mission-soins-non-programmes-hf-reference-ARSIF_2019-233
93,État,26 Juin. 19,Agence régionale de santé Ile-de-France,Val de Marne (94),Gestionnaire logistique H/F,Technique • Logistique • Maintenance,https://www.place-emploi-public.gouv.fr/offre-emploi/gestionnaire-logistique-hf-reference-ARSIF_2019-232
94,État,26 Juin. 19,Agence régionale de santé Ile-de-France,Val d'Oise (95),Responsable de département Veille et Sécurité Sanitaire (H/F) H/F,Affaires sociales et santé,https://www.place-emploi-public.gouv.fr/offre-emploi/responsable-de-departement-veille-et-securite-sanitaire-hf-hf-reference-ARSIF_2019-230
95,État,26 Juin. 19,Agence régionale de santé Ile-de-France,Seine et Marne (77),Chargée/Chargé de suivi de projets H/F,Élaboration et pilotage des politiques publiques,https://www.place-emploi-public.gouv.fr/offre-emploi/chargeecharge-de-suivi-de-projets-hf-reference-ARSIF_2019-222
96,État,26 Juin. 19,Agence régionale de santé Ile-de-France,Paris (75),Apprentissage Chargé des marchés publics (H/F) H/F,Affaires juridiques,https://www.place-emploi-public.gouv.fr/offre-emploi/apprentissage-charge-des-marches-publics-hf-hf-reference-ARSIF_2019-229
97,État,26 Juin. 19,Agence régionale de santé Ile-de-France,Yvelines (78),Apprentissage Chargée de mission autonomie (H/F) H/F,Affaires sociales et santé,https://www.place-emploi-public.gouv.fr/offre-emploi/apprentissage-chargee-de-mission-autonomie-hf-hf-reference-ARSIF_2019-228
98,État,26 Juin. 19,Agence régionale de santé Ile-de-France,Paris (75),Apprentissage Chargé(e)  de mission Plan Régional Santé Environnement H/F,Affaires sociales et santé,https://www.place-emploi-public.gouv.fr/offre-emploi/apprentissage-chargee--de-mission-plan-regional-sante-environnement-hf-reference-ARSIF_2019-227
99,État,26 Juin. 19,Agence régionale de santé Ile-de-France,Paris (75),Apprentissage Chargé d'études sur l'habitat indigne H/F,Affaires sociales et santé,https://www.place-emploi-public.gouv.fr/offre-emploi/apprentissage-charge-d-etudes-sur-l-habitat-indigne-hf-reference-ARSIF_2019-226
100,État,26 Juin. 19,Agence régionale de santé Ile-de-France,Paris (75),Apprentissage périnatalité Grande Précarité,Affaires sociales et santé,https://www.place-emploi-public.gouv.fr/offre-emploi/apprentissage-perinatalite-grande-precarite-reference-ARSIF_2019-225
101,État,26 Juin. 19,Agence régionale de santé Ile-de-France,Val d'Oise (95),Apprentissage Chargé de mission au département Ville Hôpital H/F,Affaires sociales et santé,https://www.place-emploi-public.gouv.fr/offre-emploi/apprentissage-charge-de-mission-au-departement-ville-hopital-hf-reference-ARSIF_2019-224
102,État,26 Juin. 19,Agence régionale de santé Ile-de-France,Paris (75),Apprentissage Régulation Soins non programmés H/F,Affaires sociales et santé,https://www.place-emploi-public.gouv.fr/offre-emploi/apprentissage-regulation-soins-non-programmes-hf-reference-ARSIF_2019-223
103,État,26 Juin. 19,Agence régionale de santé Ile-de-France,Paris (75),STAGIAIRE secrétariat GED H/F,-,https://www.place-emploi-public.gouv.fr/offre-emploi/stagiaire-secretariat-ged-hf-reference-ARSIF_2019-220
104,État,26 Juin. 19,Agence régionale de santé Ile-de-France,Seine Saint-Denis (93),Gestionnaire des archives courantes H/F,-,https://www.place-emploi-public.gouv.fr/offre-emploi/gestionnaire-des-archives-courantes-hf-reference-ARSIF_2019-221
105,État,26 Juin. 19,Agence régionale de santé Ile-de-France,Seine Saint-Denis (93),Agent Cellule Agréments H/F,Affaires sociales et santé,https://www.place-emploi-public.gouv.fr/offre-emploi/agent-cellule-agrements-hf-reference-ARSIF_2019-217
106,État,26 Juin. 19,Agence régionale de santé Ile-de-France,Seine Saint-Denis (93),CDD Archiviste  - Service des soins psychiatriques sans consentement H/F,Affaires sociales et santé,https://www.place-emploi-public.gouv.fr/offre-emploi/cdd-archiviste----service-des-soins-psychiatriques-sans-consentement-hf-reference-ARSIF_2019-218
107,État,26 Juin. 19,Agence régionale de santé Ile-de-France,Paris (75),Conseiller médical - politiques en faveur des personnes âgées H/F,Affaires sociales et santé,https://www.place-emploi-public.gouv.fr/offre-emploi/conseiller-medical---politiques-en-faveur-des-personnes-agees-hf-reference-ARSIF_2019-219
108,État,26 Juin. 19,Agence régionale de santé Ile-de-France,Paris (75),Archiviste – Records manager H/F,-,https://www.place-emploi-public.gouv.fr/offre-emploi/archiviste--records-manager-hf-reference-ARSIF_2019-163
109,État,26 Juin. 19,Agence régionale de santé Ile-de-France,Paris (75),Chargé de mission paie H/F,Ressources humaines,https://www.place-emploi-public.gouv.fr/offre-emploi/charge-de-mission-paie-hf-reference-ARSIF_2019-168
110,État,26 Juin. 19,Agence régionale de santé Ile-de-France,Paris (75),Chargé des effectifs et de la masse salariale H/F,-,https://www.place-emploi-public.gouv.fr/offre-emploi/charge-des-effectifs-et-de-la-masse-salariale-hf-reference-ARSIF_2019-169
111,État,26 Juin. 19,Agence régionale de santé Ile-de-France,Seine et Marne (77),Animatrice territoriale/Animateur territorial de santé publique H/F,Affaires sociales et santé,https://www.place-emploi-public.gouv.fr/offre-emploi/animatrice-territorialeanimateur-territorial-de-sante-publique-hf-reference-ARSIF_2019-216
112,État,26 Juin. 19,Agence régionale de santé Ile-de-France,Paris (75),Apprenti mission développement compétences psychosociales et prévention précoce H/F,Affaires sociales et santé,https://www.place-emploi-public.gouv.fr/offre-emploi/apprenti-mission-developpement-competences-psychosociales-et-prevention-precoce-hf-reference-ARSIF_2019-195
113,État,26 Juin. 19,Agence régionale de santé Ile-de-France,Paris (75),Chargé de mission - Santé du jeune enfant H/F,Affaires sociales et santé,https://www.place-emploi-public.gouv.fr/offre-emploi/charge-de-mission---sante-du-jeune-enfant-hf-reference-ARSIF_2019-215
114,État,26 Juin. 19,Agence régionale de santé Ile-de-France,Yvelines (78),Technicien sanitaire et de surveillance sanitaire H/F,Affaires sociales et santé,https://www.place-emploi-public.gouv.fr/offre-emploi/technicien-sanitaire-et-de-surveillance-sanitaire-hf-reference-ARSIF_2019-214
115,État,26 Juin. 19,Agence régionale de santé Ile-de-France,Yvelines (78),Technicien sanitaire et de surveillance sanitaire H/F,Affaires sociales et santé,https://www.place-emploi-public.gouv.fr/offre-emploi/technicien-sanitaire-et-de-surveillance-sanitaire-hf-reference-ARSIF_2019-213
116,État,26 Juin. 19,Agence régionale de santé Ile-de-France,Paris (75),Ingénieur sécurité numérique H/F,Numérique • Systèmes d’information et de communication,https://www.place-emploi-public.gouv.fr/offre-emploi/ingenieur-securite-numerique-hf-reference-ARSIF_2019-155
117,État,26 Juin. 19,Agence régionale de santé Ile-de-France,Seine et Marne (77),Chargé de la sécurisation de l'alimentation en eau potable H/F,Affaires sociales et santé,https://www.place-emploi-public.gouv.fr/offre-emploi/charge-de-la-securisation-de-l-alimentation-en-eau-potable-hf-reference-ARSIF_2019-212
118,État,26 Juin. 19,Agence régionale de santé Ile-de-France,Paris (75),Stagiaire Records manager / Chargé d'étude en documentation et gestion de l'information H/F,Technique • Logistique • Maintenance,https://www.place-emploi-public.gouv.fr/offre-emploi/stagiaire-records-manager--charge-d-etude-en-documentation-et-gestion-de-l-information-hf-reference-ARSIF_2019-181
119,État,26 Juin. 19,Agence régionale de santé Ile-de-France,Paris (75),Chargé de mission Parcours de Santé de la Personne agée (Apprentissage) H/F,Affaires sociales et santé,https://www.place-emploi-public.gouv.fr/offre-emploi/charge-de-mission-parcours-de-sante-de-la-personne-agee-apprentissage-hf-reference-ARSIF_2019-210
120,État,26 Juin. 19,Agence régionale de santé Ile-de-France,Paris (75),Chargé de mission Personnes Handicapées (Apprentissage) H/F,Affaires sociales et santé,https://www.place-emploi-public.gouv.fr/offre-emploi/charge-de-mission-personnes-handicapees-apprentissage-hf-reference-ARSIF_2019-211
121,État,26 Juin. 19,Agence régionale de santé Ile-de-France,Paris (75),Chargé de mission Biologie médicale H/F,Affaires sociales et santé,https://www.place-emploi-public.gouv.fr/offre-emploi/charge-de-mission-biologie-medicale-hf-reference-ARSIF_2019-208
122,État,26 Juin. 19,Agence régionale de santé Ile-de-France,Paris (75),Gestionnaire des Laboratoires de Biologie Médicale à la Direction de l'Offre de Soins H/F,Affaires sociales et santé,https://www.place-emploi-public.gouv.fr/offre-emploi/gestionnaire-des-laboratoires-de-biologie-medicale-a-la-direction-de-l-offre-de-soins-hf-reference-ARSIF_2019-207
123,Territoriale,26 Juin. 19,Agence régionale de santé Ile-de-France,Seine Saint-Denis (93),Technicien Sanitaire et de Sécurité Sanitaire Environnement Intérieur Insalubrité et Saturnisme H/F,Affaires sociales et santé,https://www.place-emploi-public.gouv.fr/offre-emploi/technicien-sanitaire-et-de-securite-sanitaire-environnement-interieur-insalubrite-et-saturnisme-hf-reference-ARSIF_2019-175
124,État,26 Juin. 19,Agence régionale de santé Ile-de-France,Paris (75),Chargé de mission stratégie nationale autisme au sein des troubles du neuro-développement (TND) H/F,Affaires sociales et santé,https://www.place-emploi-public.gouv.fr/offre-emploi/charge-de-mission-strategie-nationale-autisme-au-sein-des-troubles-du-neuro-developpement-tnd-hf-reference-ARSIF_2019-199
125,État,26 Juin. 19,Agence régionale de santé Ile-de-France,Paris (75),Chargé(e) de mission : Transformation de l'offre médico-sociale Handicap H/F,Affaires sociales et santé,https://www.place-emploi-public.gouv.fr/offre-emploi/chargee-de-mission--transformation-de-l-offre-medico-sociale-handicap-hf-reference-ARSIF_2019-200
126,Hospitalière,26 Juin. 19,Agence régionale de santé Ile-de-France,Paris (75),CHARGE(E) DE MISSION TECHNIQUE ET PÉDAGOGIQUE - PROFESSIONNELS PARAMÉDICAUX H/F,Affaires sociales et santé,https://www.place-emploi-public.gouv.fr/offre-emploi/chargee-de-mission-technique-et-pdagogique---professionnels-paramdicaux-hf-reference-ARSIF_2019-206
127,État,26 Juin. 19,Agence régionale de santé Ile-de-France,Paris (75),Chargé de mission Contractualisation/analyse financière- secteur personne âgée H/F,Affaires sociales et santé,https://www.place-emploi-public.gouv.fr/offre-emploi/charge-de-mission-contractualisationanalyse-financiere--secteur-personne-agee-hf-reference-ARSIF_2019-198
128,Territoriale,26 Juin. 19,Agence régionale de santé Ile-de-France,Seine Saint-Denis (93),Responsable de la Cellule Environnement Intérieur H/F,Affaires sociales et santé,https://www.place-emploi-public.gouv.fr/offre-emploi/responsable-de-la-cellule-environnement-interieur-hf-reference-ARSIF_2019-204
129,Territoriale,26 Juin. 19,Agence régionale de santé Ile-de-France,Seine Saint-Denis (93),Responsable de la Cellule Environnement Intérieur H/F,Affaires sociales et santé,https://www.place-emploi-public.gouv.fr/offre-emploi/responsable-de-la-cellule-environnement-interieur-hf-reference-ARSIF_2019-205
130,État,26 Juin. 19,Agence régionale de santé Ile-de-France,Paris (75),Référent Appel à projets et accompagnement au domicile H/F,Affaires sociales et santé,https://www.place-emploi-public.gouv.fr/offre-emploi/referent-appel-a-projets-et-accompagnement-au-domicile-hf-reference-ARSIF_2019-201
131,État,26 Juin. 19,Agence régionale de santé Ile-de-France,Yvelines (78),Chargée/Chargé de programmes de santé Personnes Âgées H/F,Affaires sociales et santé,https://www.place-emploi-public.gouv.fr/offre-emploi/chargeecharge-de-programmes-de-sante-personnes-gees-hf-reference-ARSIF_2019-196
132,État,26 Juin. 19,Agence régionale de santé Ile-de-France,Hauts-de-Seine (92),Responsable des cellules Eaux et Défense / Sécurité H/F,Affaires sociales et santé,https://www.place-emploi-public.gouv.fr/offre-emploi/responsable-des-cellules-eaux-et-defense--securite-hf-reference-ARSIF_2019-193
133,État,26 Juin. 19,Agence régionale de santé Ile-de-France,Seine et Marne (77),Chargé(e) de mission cellule EAUX pour les eaux destinées à la consommation humaine H/F,Affaires sociales et santé,https://www.place-emploi-public.gouv.fr/offre-emploi/chargee-de-mission-cellule-eaux-pour-les-eaux-destinees-a-la-consommation-humaine-hf-reference-ARSIF_2019-191
134,État,26 Juin. 19,Agence régionale de santé Ile-de-France,Seine et Marne (77),TECHNICIEN SANITAIRE ET DE SÉCURITÉ SANITAIRE CELLULE EAUX H/F,Affaires sociales et santé,https://www.place-emploi-public.gouv.fr/offre-emploi/technicien-sanitaire-et-de-scurit-sanitaire-cellule-eaux-hf-reference-ARSIF_2019-192
135,État,26 Juin. 19,Agence régionale de santé Ile-de-France,Seine et Marne (77),Chargée/Chargé de veille et de surveillance sanitaire H/F,Affaires sociales et santé,https://www.place-emploi-public.gouv.fr/offre-emploi/chargeecharge-de-veille-et-de-surveillance-sanitaire-hf-reference-ARSIF_2019-190
136,État,26 Juin. 19,Agence régionale de santé Ile-de-France,Seine et Marne (77),Conseiller(e) médical (e)         H/F,Affaires sociales et santé,https://www.place-emploi-public.gouv.fr/offre-emploi/conseillere-medical-e---------hf-reference-ARSIF_2019-184
137,État,26 Juin. 19,Agence régionale de santé Ile-de-France,Paris (75),Chargé de l'allocation de ressources des établissements médico-sociaux précarité et addictions H/F,-,https://www.place-emploi-public.gouv.fr/offre-emploi/charge-de-l-allocation-de-ressources-des-etablissements-medico-sociaux-precarite-et-addictions-hf-reference-ARSIF_2019-180
138,État,26 Juin. 19,Agence régionale de santé Ile-de-France,Paris (75),"Chef de projet ""politique du médicament et des produits de santé"" (F/H) H/F",Affaires sociales et santé,https://www.place-emploi-public.gouv.fr/offre-emploi/chef-de-projet-politique-du-medicament-et-des-produits-de-sante-fh-hf-reference-ARSIF_2019-189
139,État,26 Juin. 19,Agence régionale de santé Ile-de-France,Seine Saint-Denis (93),Médecin Offres de soins H/F,Affaires sociales et santé,https://www.place-emploi-public.gouv.fr/offre-emploi/medecin-offres-de-soins-hf-reference-ARSIF_2019-179
140,État,26 Juin. 19,Agence régionale de santé Ile-de-France,Seine Saint-Denis (93),Adjoint au service des soins psychiatriques sans consentement  chargé des relations H/F,Affaires sociales et santé,https://www.place-emploi-public.gouv.fr/offre-emploi/adjoint-au-service-des-soins-psychiatriques-sans-consentement--charge-des-relations-hf-reference-ARSIF_2019-186
141,État,26 Juin. 19,Agence régionale de santé Ile-de-France,Seine Saint-Denis (93),Chargé de mission Département Ambulatoire et Etablissements sanitaires H/F,Affaires sociales et santé,https://www.place-emploi-public.gouv.fr/offre-emploi/charge-de-mission-departement-ambulatoire-et-etablissements-sanitaires-hf-reference-ARSIF_2019-187
142,État,26 Juin. 19,Agence régionale de santé Ile-de-France,Paris (75),Chargée/Chargé de programmes de santé publique H/F,Affaires sociales et santé,https://www.place-emploi-public.gouv.fr/offre-emploi/chargeecharge-de-programmes-de-sante-publique-hf-reference-ARSIF_2019-188
143,État,26 Juin. 19,Agence régionale de santé Ile-de-France,Yvelines (78),Chargé des établissements de santé H/F,Affaires sociales et santé,https://www.place-emploi-public.gouv.fr/offre-emploi/charge-des-etablissements-de-sante-hf-reference-ARSIF_2019-182
144,État,26 Juin. 19,Agence régionale de santé Ile-de-France,Yvelines (78),Technicien sanitaire et de surveillance sanitaire H/F,Affaires sociales et santé,https://www.place-emploi-public.gouv.fr/offre-emploi/technicien-sanitaire-et-de-surveillance-sanitaire-hf-reference-ARSIF_2019-183
145,État,26 Juin. 19,Agence régionale de santé Ile-de-France,Paris (75),Conseillère-experte/Conseiller-expert médical ou ondotologique ou pharmaceutique H/F,Affaires sociales et santé,https://www.place-emploi-public.gouv.fr/offre-emploi/conseillere-experteconseiller-expert-medical-ou-ondotologique-ou-pharmaceutique-hf-reference-ARSIF_2019-176
146,État,26 Juin. 19,Agence régionale de santé Ile-de-France,Paris (75),Chargée/Chargé d'opérations statistiques H/F,Études • Audit • Évaluation • Contrôle interne et prospective,https://www.place-emploi-public.gouv.fr/offre-emploi/chargeecharge-d-operations-statistiques-hf-reference-ARSIF_2019-156
147,État,26 Juin. 19,Agence régionale de santé Ile-de-France,Paris (75),Chargé(e) de mission Handicap H/F,Affaires sociales et santé,https://www.place-emploi-public.gouv.fr/offre-emploi/chargee-de-mission-handicap-hf-reference-ARSIF_2019-158
148,État,26 Juin. 19,Agence régionale de santé Ile-de-France,Paris (75),Chargé(e) de mission Service Comptabilité H/F,Gestion budgétaire et financière,https://www.place-emploi-public.gouv.fr/offre-emploi/chargee-de-mission-service-comptabilite-hf-reference-ARSIF_2019-157
149,Fonction publique,26 Juin. 19,Agence régionale de santé Ile-de-France,Paris (75),MEDECIN VEILLE ET SECURITE SANITAIRE H/F,Affaires sociales et santé,https://www.place-emploi-public.gouv.fr/offre-emploi/medecin-veille-et-securite-sanitaire-hf-reference-ARSIF_2019-131
150,État,26 Juin. 19,DRH/SDP/BPA/Section B - SAIOM,Mayotte (976),Chargé de la planification - 976ATB0055,Ressources humaines,https://www.place-emploi-public.gouv.fr/offre-emploi/charge-de-la-planification---976atb0055-reference-2019-217217
151,État,26 Juin. 19,Musée Picasso,Paris (75),**AASM Agent·e PC sécurité-sûreté nuit H/F,Culture et patrimoine,https://www.place-emploi-public.gouv.fr/offre-emploi/aasm-agente-pc-securite-surete-nuit-hf-reference-2019-217294
152,État,26 Juin. 19,Université de Nantes,Loire Atlantique (44),Responsable du service de la Scolarité UFR Sciences ,Administration générale,https://www.place-emploi-public.gouv.fr/offre-emploi/responsable-du-service-de-la-scolarite-ufr-sciences--reference-2019-217293
153,État,26 Juin. 19,Université de Lyon 3,Rhône (69),"Responsable du service Hygiène et sécurité, conseiller de prévention",Sécurité,https://www.place-emploi-public.gouv.fr/offre-emploi/responsable-du-service-hygiene-et-securite-conseiller-de-prevention-reference-2019-210925
154,État,26 Juin. 19,Agence de la Biomédecine,Seine Saint-Denis (93),AGENT DE BUREAU (H/F),Affaires sociales et santé,https://www.place-emploi-public.gouv.fr/offre-emploi/agent-de-bureau-hf-reference-2019-217291
155,État,26 Juin. 19,Université de Bordeaux,Gironde (33),Gestionnaire financier et administratif H/F,Enseignement supérieur • Recherche • Développement,https://www.place-emploi-public.gouv.fr/offre-emploi/gestionnaire-financier-et-administratif-hf-reference-2019-217289
156,Fonction publique,26 Juin. 19,SGAMI Nord,Nord (59),APPRENTI BTS OU DUT BATIMENT - POSTE DESSINATEUR,-,https://www.place-emploi-public.gouv.fr/offre-emploi/apprenti-bts-ou-dut-batiment---poste-dessinateur-reference-2019-205531
157,État,26 Juin. 19,Direction générale du trésor,Paris (75),Adjoint(e) au chef du bureau Relations bilatérales et instruments financiers européens (Europe3),Élaboration et pilotage des politiques publiques,https://www.place-emploi-public.gouv.fr/offre-emploi/adjointe-au-chef-du-bureau-relations-bilaterales-et-instruments-financiers-europeens-europe3-reference-2019-217287
158,Fonction publique,26 Juin. 19,SGAMI Nord,Nord (59),APPRENTI BTS OU DUT IMMOBILIERES OU JURIDIQUES,-,https://www.place-emploi-public.gouv.fr/offre-emploi/apprenti-bts-ou-dut-immobilieres-ou-juridiques-reference-2019-205536
159,Fonction publique,26 Juin. 19,SGAMI Nord,Nord (59),APPRENTI Licence à diplôme d'école ingénieur - Contrôleur qualité et procédures,-,https://www.place-emploi-public.gouv.fr/offre-emploi/apprenti-licence-a-diplome-d-ecole-ingenieur---controleur-qualite-et-procedures-reference-2019-205631
160,État,26 Juin. 19,Agence du service civique,Paris (75),Chef.fe de projet maîtrise d'ouvrage Numérique et Systèmes d'Information et de Communication,Numérique • Systèmes d’information et de communication,https://www.place-emploi-public.gouv.fr/offre-emploi/cheffe-de-projet-maitrise-d-ouvrage-numerique-et-systemes-d-information-et-de-communication-reference-2019-213341
161,État,26 Juin. 19,Direction générale de l'offre de soins,Paris (75),Chargé(e) de mission (F/H) coopérations et recompositions hospitalières,Élaboration et pilotage des politiques publiques,https://www.place-emploi-public.gouv.fr/offre-emploi/chargee-de-mission-fh-cooperations-et-recompositions-hospitalieres-reference-2019-213331
162,État,26 Juin. 19,Délégation aux affaires européennes et internationales,Paris (75),"Chargé/e de mission expert au bureau International ""Santé"" OCDE  -  Amérique latine ",Diplomatie • Relations Internationales,https://www.place-emploi-public.gouv.fr/offre-emploi/chargee-de-mission-expert-au-bureau-international-sante-ocde-----amerique-latine--reference-2019-213318
163,État,26 Juin. 19,Météo France,Val de Marne (94),Gestionnaire comptable des recettes (Agence comptable principale de Météo France),Finances publiques,https://www.place-emploi-public.gouv.fr/offre-emploi/gestionnaire-comptable-des-recettes-agence-comptable-principale-de-meteo-france-reference-2019-217269
164,État,26 Juin. 19,Ecole des hautes études en sciences sociales,Bouches du Rhône (13),Agent d'accueil polyvalent (H/F) ,Relation et service à l'usager,https://www.place-emploi-public.gouv.fr/offre-emploi/agent-d-accueil-polyvalent-hf--reference-2019-212069
165,État,26 Juin. 19,Inserm Délégation Régionale Paris 5,Paris (75),Gestionnaire administratif.ve,Administration générale,https://www.place-emploi-public.gouv.fr/offre-emploi/gestionnaire-administratifve-reference-2019-180950
166,Territoriale,26 Juin. 19,Mairie d'Aubervilliers,Paris (75),2 TECHNICIENS PATRIMOINE (H/F),Immobilier • Bâtiment • Infrastructures,https://www.place-emploi-public.gouv.fr/offre-emploi/2-techniciens-patrimoine-hf-reference-2019-180830
167,État,26 Juin. 19,Ministère de l'éducation nationale/Ministère de l'enseignement supérieur et de la recherche,Rhône (69),Emploi d'agent comptable de l'université Jean Moulin Lyon 3 (groupe 2),Gestion budgétaire et financière,https://www.place-emploi-public.gouv.fr/offre-emploi/emploi-d-agent-comptable-de-l-universite-jean-moulin-lyon-3-groupe-2-reference-2019-217261
168,Hospitalière,26 Juin. 19,Institut le Val Mandé,Paris (75),1 INFIRMIER (H/F) ,Affaires sociales et santé,https://www.place-emploi-public.gouv.fr/offre-emploi/1-infirmier-hf--reference-2019-199368
169,État,26 Juin. 19,Agence de mutualisation des universités et établissements,Hérault (34),Consultant.e fonctionnel.le SI Recherche H/F,Numérique • Systèmes d’information et de communication,https://www.place-emploi-public.gouv.fr/offre-emploi/consultante-fonctionnelle-si-recherche-hf-reference-2018-148607
170,État,26 Juin. 19,Université Paris 11 Sud,Hauts-de-Seine (92),gestionnaire de scolarité,Administration générale,https://www.place-emploi-public.gouv.fr/offre-emploi/gestionnaire-de-scolarite-reference-2019-217252
171,État,26 Juin. 19,Université d'Artois,Pas de Calais (62),Responsable du bureau scolarité (ASI ou IGE),Enseignement supérieur • Recherche • Développement,https://www.place-emploi-public.gouv.fr/offre-emploi/responsable-du-bureau-scolarite-asi-ou-ige-reference-2019-212184
172,Territoriale,26 Juin. 19,Mairie d'Aubervilliers,Seine Saint-Denis (93),CHARGÉ.E DE MISSION EN SANTÉ,Affaires sociales et santé,https://www.place-emploi-public.gouv.fr/offre-emploi/charge-de-mission-en-sant-reference-2019-217250
173,Territoriale,26 Juin. 19,Mairie d'Aubervilliers,Seine Saint-Denis (93),RESPONSABLE DE LA FABRIQUE DE SANTE,Affaires sociales et santé,https://www.place-emploi-public.gouv.fr/offre-emploi/responsable-de-la-fabrique-de-sante-reference-2019-217251
174,État,26 Juin. 19,Université Paris 13,Seine Saint-Denis (93),Agent polyvalent,Technique • Logistique • Maintenance,https://www.place-emploi-public.gouv.fr/offre-emploi/agent-polyvalent-reference-2019-217192
175,État,26 Juin. 19,Université Paris 13,Seine Saint-Denis (93),Gestionnaire administrative et pédagogique ,Enseignement supérieur • Recherche • Développement,https://www.place-emploi-public.gouv.fr/offre-emploi/gestionnaire-administrative-et-pedagogique--reference-2019-217198
176,État,26 Juin. 19,Université Paris 13,Seine Saint-Denis (93),Gestionnaire pédagogique,Enseignement supérieur • Recherche • Développement,https://www.place-emploi-public.gouv.fr/offre-emploi/gestionnaire-pedagogique-reference-2019-217201
177,État,26 Juin. 19,Université Paris 13,Seine Saint-Denis (93),Gestionnaire pédagogique médecine,Enseignement supérieur • Recherche • Développement,https://www.place-emploi-public.gouv.fr/offre-emploi/gestionnaire-pedagogique-medecine-reference-2019-217205
178,État,26 Juin. 19,Université Paris 13,Seine Saint-Denis (93),Gestionnaire administratif-ive et pédagogique,Enseignement supérieur • Recherche • Développement,https://www.place-emploi-public.gouv.fr/offre-emploi/gestionnaire-administratif-ive-et-pedagogique-reference-2019-217215
179,État,26 Juin. 19,Université Paris 13,Seine Saint-Denis (93),Responsable Administratif-ive et Financier-e de laboratoire ,Enseignement supérieur • Recherche • Développement,https://www.place-emploi-public.gouv.fr/offre-emploi/responsable-administratif-ive-et-financier-e-de-laboratoire--reference-2019-217223
180,État,26 Juin. 19,Université Paris 13,Seine Saint-Denis (93),Gestionnaire financier-e et comptable,Gestion budgétaire et financière,https://www.place-emploi-public.gouv.fr/offre-emploi/gestionnaire-financier-e-et-comptable-reference-2019-217233
181,État,26 Juin. 19,Ministère des Armées,Gironde (33),ADJOINT AU CHEF DE LA SECTION VERIFICATION DES DROITS CHOMAGE- CTIC (Bordeaux) H/F,Gestion budgétaire et financière,https://www.place-emploi-public.gouv.fr/offre-emploi/adjoint-au-chef-de-la-section-verification-des-droits-chomage--ctic-bordeaux-hf-reference-2019-216591
182,État,26 Juin. 19,Ecole normale supérieure,Paris (75),Chargé de gestion administrative et d'aide au pilotage opérationnel (h/f),Enseignement supérieur • Recherche • Développement,https://www.place-emploi-public.gouv.fr/offre-emploi/charge-de-gestion-administrative-et-d-aide-au-pilotage-operationnel-hf-reference-2019-204329
183,État,26 Juin. 19,Ecole normale supérieure,Paris (75),Gestionnaire formation et recrutement,Ressources humaines,https://www.place-emploi-public.gouv.fr/offre-emploi/gestionnaire-formation-et-recrutement-reference-2019-207906
184,État,26 Juin. 19,Ecole normale supérieure,Paris (75),Ingénieur Systèmes (H/F),Numérique • Systèmes d’information et de communication,https://www.place-emploi-public.gouv.fr/offre-emploi/ingenieur-systemes-hf-reference-2019-206407
185,État,26 Juin. 19,Ecole normale supérieure de Cachan,Val de Marne (94),Un·e assistant·e en gestion administrative et aide au pilotage,Enseignement supérieur • Recherche • Développement,https://www.place-emploi-public.gouv.fr/offre-emploi/une-assistante-en-gestion-administrative-et-aide-au-pilotage-reference-2018-140498
186,État,26 Juin. 19,Université Paris 13,Seine Saint-Denis (93),gestionnaire des ressources humaines,Ressources humaines,https://www.place-emploi-public.gouv.fr/offre-emploi/gestionnaire-des-ressources-humaines-reference-2019-217249
187,État,26 Juin. 19,Université Reims-Champagne-Ardenne,Aube (10),Médecin H/F,Affaires sociales et santé,https://www.place-emploi-public.gouv.fr/offre-emploi/medecin-hf-reference-2018-142321
188,État,26 Juin. 19,Ecole normale supérieure,Paris (75),Directeur(trice) adjoint du Patrimoine Immobilier,Immobilier • Bâtiment • Infrastructures,https://www.place-emploi-public.gouv.fr/offre-emploi/directeurtrice-adjoint-du-patrimoine-immobilier-reference-2019-211631
189,Fonction publique,26 Juin. 19,Délégation à  l'information et à  la communication,Paris (75),Contrat d'apprentissage : community manager assistant (F/H),-,https://www.place-emploi-public.gouv.fr/offre-emploi/contrat-d-apprentissage--community-manager-assistant-fh-reference-2019-210393
190,Fonction publique,26 Juin. 19,Délégation à  l'information et à  la communication,Paris (75),"CONTRAT D'APPRENTISSAGE : chef de projet web, webmaster apprenti (F/H)",-,https://www.place-emploi-public.gouv.fr/offre-emploi/contrat-d-apprentissage--chef-de-projet-web-webmaster-apprenti-fh-reference-2019-210389
191,Fonction publique,26 Juin. 19,Délégation à  l'information et à  la communication,Paris (75),Apprenti graphiste,-,https://www.place-emploi-public.gouv.fr/offre-emploi/apprenti-graphiste-reference-2019-210385
192,Fonction publique,26 Juin. 19,Délégation à  l'information et à  la communication,Paris (75),Chargé de communication spécialisé veille / analyse média (contrat d'apprentissage uniquement) ,-,https://www.place-emploi-public.gouv.fr/offre-emploi/charge-de-communication-specialise-veille--analyse-media-contrat-d-apprentissage-uniquement--reference-2019-210375
193,État,26 Juin. 19,Direction des Ressources Humaines,Paris (75),"Chargé-(e) de mission pilotage budgétaire, bilans et prospectives ",Gestion budgétaire et financière,https://www.place-emploi-public.gouv.fr/offre-emploi/charge-e-de-mission-pilotage-budgetaire-bilans-et-prospectives--reference-2019-194564
194,État,26 Juin. 19,Direction générale de la cohésion sociale,Loire Atlantique (44),Assistant-e de gestion,Gestion budgétaire et financière,https://www.place-emploi-public.gouv.fr/offre-emploi/assistant-e-de-gestion-reference-2019-194053
195,État,26 Juin. 19,Ministère des Armées,Val de Marne (94),ADJOINT AU CHEF DEPART QUALITE PERFORMANCE MODERNISATION,Ressources humaines,https://www.place-emploi-public.gouv.fr/offre-emploi/adjoint-au-chef-depart-qualite-performance-modernisation-reference-2019-178498
196,État,26 Juin. 19,Ecole normale supérieure de Cachan,Val de Marne (94),Ingénieur·e Electronicien·e,Enseignement supérieur • Recherche • Développement,https://www.place-emploi-public.gouv.fr/offre-emploi/ingenieure-electroniciene-reference-2018-146631
197,État,26 Juin. 19,Réseau des acheteurs hospitaliers,Paris (75),CHARGE(E) DE L'ADMINISTRATION DES VENTES (H/F),Gestion budgétaire et financière,https://www.place-emploi-public.gouv.fr/offre-emploi/chargee-de-l-administration-des-ventes-hf-reference-2019-216564
198,État,26 Juin. 19,L'Assemblée permanente des chambres de métiers et de l'artisanat,Paris (75),Juriste fiscaliste H/F,Finances publiques,https://www.place-emploi-public.gouv.fr/offre-emploi/juriste-fiscaliste-hf-reference-2019-216064
199,État,26 Juin. 19,Université de Toulouse 1,Haute Garonne (31),Contrôleur de gestion - Business Analyst (F/H) - DROP,-,https://www.place-emploi-public.gouv.fr/offre-emploi/controleur-de-gestion---business-analyst-fh---drop-reference-2019-217222
200,État,26 Juin. 19,Communautés d'Universités et d'Etablissements Université de Toulouse,Haute Garonne (31),Gestionnaire Administratif et Financier au sein du Service Interuniversitaire de Médecine Préventive et ,Gestion budgétaire et financière,https://www.place-emploi-public.gouv.fr/offre-emploi/gestionnaire-administratif-et-financier-au-sein-du-service-interuniversitaire-de-medecine-preventive-et--reference-2019-217243
201,État,26 Juin. 19,Musée du Louvre,Paris (75),ATTADM-Juriste en droit public spécialité en marchés publics-poste susceptible d'être vacant H/F,Culture et patrimoine,https://www.place-emploi-public.gouv.fr/offre-emploi/attadm-juriste-en-droit-public-specialite-en-marches-publics-poste-susceptible-d-etre-vacant-hf-reference-2019-217235
202,État,26 Juin. 19,Communautés d'Universités et d'Etablissements Université de Toulouse,Haute Garonne (31),Assistant(e) administrative coordination du diplôme doctorat au sein de l'Université Fédérale de Toulous,Enseignement supérieur • Recherche • Développement,https://www.place-emploi-public.gouv.fr/offre-emploi/assistante-administrative-coordination-du-diplome-doctorat-au-sein-de-l-universite-federale-de-toulous-reference-2019-217240
203,État,26 Juin. 19,Etablissement public du palais de la porte dorée,Paris (75),**SEADM Gestionnaire comptable H/F – CDD d'un an H/F,Finances publiques,https://www.place-emploi-public.gouv.fr/offre-emploi/seadm-gestionnaire-comptable-hf--cdd-d-un-an-hf-reference-2019-217238
204,État,26 Juin. 19,Université de Bordeaux,Gironde (33),Responsable du service Relations internationales/ Recherche H/F,Enseignement supérieur • Recherche • Développement,https://www.place-emploi-public.gouv.fr/offre-emploi/responsable-du-service-relations-internationales-recherche-hf-reference-2019-217236
205,État,26 Juin. 19,Direction de la sécurité sociale,Paris (75),Vacataire logistique,Technique • Logistique • Maintenance,https://www.place-emploi-public.gouv.fr/offre-emploi/vacataire-logistique-reference-2019-217237
206,État,26 Juin. 19,Université de Nantes,Loire Atlantique (44),Gestionnaire financier(e)  MSH,Gestion budgétaire et financière,https://www.place-emploi-public.gouv.fr/offre-emploi/gestionnaire-financiere--msh-reference-2019-216114
207,Territoriale,26 Juin. 19,Paris Musées,Paris (75),Chargé(e) d'informatisation et assistant de l'équipe de conservation pour le chantier de récolement déce,Culture et patrimoine,https://www.place-emploi-public.gouv.fr/offre-emploi/chargee-d-informatisation-et-assistant-de-l-equipe-de-conservation-pour-le-chantier-de-recolement-dece-reference-2019-183697
208,État,26 Juin. 19,UNIVERSITE PARIS DIDEROT PARIS VII,Paris (75),Ingénieur.e biostatisticien.ne,Enseignement supérieur • Recherche • Développement,https://www.place-emploi-public.gouv.fr/offre-emploi/ingenieure-biostatisticienne-reference-2019-192483
209,État,26 Juin. 19,Université de Nantes,Loire Atlantique (44),Attaché-e de presse,Communication et valorisation des organisations,https://www.place-emploi-public.gouv.fr/offre-emploi/attache-e-de-presse-reference-2019-217231
